# Values, Stops, Objectives
17.209769,0.000000,1
-0.000000,0.000000,1
8.839759,0.000000,1
0.000000,0.000000,1
0.000000,0.000000,1
4.977972,0.000000,1
5.285725,0.000000,1
0.000000,0.000000,1
0.000000,0.000000,1
0.000000,0.000000,1
3.661993,0.000000,1
3.625688,0.000000,1
7.434595,0.000000,1
4.783029,0.000000,1
0.000000,0.000000,1
1.626349,0.000000,1
16.843571,0.000000,1
26.672331,0.000000,1
22.502769,0.000000,1
20.500089,0.000000,1
35.942710,0.000000,1
13.681145,0.000000,1
6.193444,0.000000,1
0.000000,0.000000,1
0.216973,0.000000,1
13.454332,0.000000,1
0.000000,0.000000,1
27.831096,0.000000,1
0.000000,0.000000,1
0.000000,0.000000,1
0.000000,0.000000,1
4.661499,0.000000,1
0.000000,0.000000,1
25.158042,0.000000,1
32.114127,0.000000,1
11.992089,0.000000,1
5.854121,0.000000,1
0.000000,0.000000,1
0.000000,0.000000,1
1.220775,0.000000,1
0.000000,0.000000,1
39.706411,0.000000,1
0.000000,0.000000,1
0.000000,0.000000,1
16.208157,0.000000,1
0.084228,0.000000,1
0.000000,0.000000,1
9.105515,0.000000,1
20.692809,0.000000,1
26.294134,0.000000,1
28.500693,0.000000,1
0.000000,0.000000,1
0.000000,0.000000,1
0.000000,0.000000,1
0.000000,0.000000,1
0.000000,0.000000,1
25.294254,0.000000,1
1.725171,0.000000,1
38.482181,0.000000,1
35.337435,0.000000,1
1.416509,0.000000,1
20.170906,0.000000,1
0.000000,0.000000,1
0.000000,0.000000,1
0.000000,0.000000,1
23.478441,0.000000,1
0.000000,0.000000,1
0.000000,0.000000,1
0.000000,0.000000,1
0.000000,0.000000,1
0.000000,0.000000,1
15.035861,0.000000,1
30.197395,0.000000,1
3.044716,0.000000,1
0.000000,0.000000,1
0.000000,0.000000,1
7.708229,0.000000,1
2.355694,0.000000,1
15.792070,0.000000,1
0.000000,0.000000,1
5.995231,0.000000,1
5.890287,0.000000,1
0.000000,0.000000,1
0.000000,0.000000,1
0.000000,0.000000,1
1.324785,0.000000,1
0.000000,0.000000,1
3.591422,0.000000,1
0.000000,0.000000,1
0.000000,0.000000,1
19.290198,0.000000,1
14.988988,0.000000,1
0.000000,0.000000,1
13.516148,0.000000,1
13.464824,0.000000,1
27.475918,0.000000,1
3.703032,0.000000,1
21.459929,0.000000,1
1.381756,0.000000,1
25.633334,0.000000,1
0.000000,0.000000,1
19.999612,0.000000,1
-0.000000,0.000000,1
0.000000,0.000000,1
0.000000,0.000000,1
0.000000,0.000000,1
0.000000,0.000000,1
0.000000,0.000000,1
17.649783,0.000000,1
10.731746,0.000000,1
0.000000,0.000000,1
0.000000,0.000000,1
0.779797,0.000000,1
18.706528,0.000000,1
0.004536,0.000000,1
0.000000,0.000000,1
-0.000000,0.000000,1
0.000000,0.000000,1
29.424117,0.000000,1
0.000000,0.000000,1
0.000000,0.000000,1
0.000000,0.000000,1
39.196924,0.000000,1
38.552164,0.000000,1
7.251271,0.000000,1
0.000000,0.000000,1
28.742168,0.000000,1
0.000000,0.000000,1
34.393655,0.000000,1
0.000000,0.000000,1
18.212766,0.000000,1
10.834484,0.000000,1
6.502846,0.000000,1
26.320576,0.000000,1
10.461867,0.000000,1
0.388197,0.000000,1
0.000000,0.000000,1
0.000000,0.000000,1
0.000000,0.000000,1
-0.000000,0.000000,1
6.909199,0.000000,1
7.295681,0.000000,1
0.000000,0.000000,1
0.000000,0.000000,1
0.000000,0.000000,1
23.856508,0.000000,1
0.000000,0.000000,1
0.000000,0.000000,1
7.404216,0.000000,1
25.525137,0.000000,1
13.520807,0.000000,1
2.042646,0.000000,1
-0.000000,0.000000,1
22.340986,0.000000,1
0.000000,0.000000,1
8.755853,0.000000,1
21.135250,0.000000,1
0.537052,0.000000,1
0.000000,0.000000,1
28.320587,0.000000,1
0.000000,0.000000,1
2.177570,0.000000,1
7.062241,0.000000,1
0.000000,0.000000,1
11.543137,0.000000,1
3.567175,0.000000,1
11.735708,0.000000,1
7.151185,0.000000,1
76.779417,1.000000,1
0.000000,0.000000,1
24.422496,0.000000,1
0.000000,0.000000,1
0.056089,0.000000,1
5.052723,0.000000,1
0.000000,0.000000,1
0.000000,0.000000,1
43.061095,0.000000,1
0.408341,0.000000,1
3.406071,0.000000,1
0.000000,0.000000,1
0.000000,0.000000,1
0.000000,0.000000,1
0.000000,0.000000,1
49.740891,0.000000,1
20.262236,1.000000,1
-0.000000,0.000000,1
13.225472,0.000000,1
64.353666,1.000000,1
26.364349,0.000000,1
0.000000,0.000000,1
6.987101,0.000000,1
25.676223,0.000000,1
0.000000,0.000000,1
0.000000,0.000000,1
0.000000,0.000000,1
18.644251,0.000000,1
23.925599,0.000000,1
0.000000,0.000000,1
0.024521,0.000000,1
-0.000000,0.000000,1
4.341099,0.000000,1
1.475402,0.000000,1
0.824258,0.000000,1
0.000000,0.000000,1
0.000000,0.000000,1
0.000000,0.000000,1
0.000000,0.000000,1
36.936729,0.000000,1
44.111428,0.000000,1
58.375968,0.000000,1
0.000000,0.000000,1
0.390247,0.000000,1
0.000000,0.000000,1
14.290704,0.000000,1
29.074303,0.000000,1
5.307414,0.000000,1
0.000000,0.000000,1
0.000000,0.000000,1
0.000000,0.000000,1
12.901511,0.000000,1
16.391927,0.000000,1
0.000000,0.000000,1
0.286249,0.000000,1
0.000000,0.000000,1
27.685334,0.000000,1
0.000000,0.000000,1
24.934372,1.000000,1
0.000000,0.000000,1
10.510234,0.000000,1
3.255187,0.000000,1
26.521893,0.000000,1
9.574551,0.000000,1
28.332650,0.000000,1
8.599360,0.000000,1
2.316226,0.000000,1
25.162028,0.000000,1
0.608519,0.000000,1
0.000000,0.000000,1
4.770910,0.000000,1
0.000000,0.000000,1
16.459614,0.000000,1
0.000000,0.000000,1
0.000000,0.000000,1
0.000000,0.000000,1
18.132868,0.000000,1
0.000000,0.000000,1
5.045201,0.000000,1
7.059016,1.000000,1
20.326039,0.000000,1
16.826405,0.000000,1
0.000000,0.000000,1
19.995390,0.000000,1
17.577119,0.000000,1
0.000000,0.000000,1
0.000000,0.000000,1
0.000000,0.000000,1
0.032536,0.000000,1
24.138028,0.000000,1
14.626825,0.000000,1
0.000000,0.000000,1
10.995716,0.000000,1
0.078628,0.000000,1
0.000000,0.000000,1
9.191855,0.000000,1
17.703454,0.000000,1
0.000000,0.000000,1
0.000000,0.000000,1
0.000000,0.000000,1
11.399229,0.000000,1
6.059055,0.000000,1
0.000000,0.000000,1
28.388960,0.000000,1
0.040786,0.000000,1
0.000000,0.000000,1
0.073849,0.000000,1
9.928549,0.000000,1
0.000000,0.000000,1
23.285936,0.000000,1
18.576701,0.000000,1
0.000000,0.000000,1
0.000000,0.000000,1
30.207965,0.000000,1
15.253856,0.000000,1
29.280079,0.000000,1
0.499661,0.000000,1
13.145051,0.000000,1
17.683318,0.000000,1
24.458795,0.000000,1
0.000000,0.000000,1
0.000000,0.000000,1
0.000000,0.000000,1
4.093220,0.000000,1
0.000000,0.000000,1
8.854537,0.000000,1
0.000000,0.000000,1
0.000000,0.000000,1
15.325648,0.000000,1
22.216473,0.000000,1
14.065986,0.000000,1
2.250302,0.000000,1
0.000000,0.000000,1
0.000000,0.000000,1
0.000000,0.000000,1
34.695524,0.000000,1
0.000000,0.000000,1
1.011870,0.000000,1
0.000000,0.000000,1
1.364158,0.000000,1
0.000000,0.000000,1
0.000000,0.000000,1
0.000000,0.000000,1
0.000000,0.000000,1
0.000000,0.000000,1
0.000000,0.000000,1
0.000000,0.000000,1
3.174099,0.000000,1
0.000000,0.000000,1
58.808196,0.000000,1
0.000000,0.000000,1
65.832025,0.000000,1
0.000000,0.000000,1
0.000000,0.000000,1
15.966683,0.000000,1
0.000000,0.000000,1
50.842974,0.000000,1
11.944297,0.000000,1
0.000000,0.000000,1
16.582473,0.000000,1
0.000000,0.000000,1
21.547177,0.000000,1
16.825825,0.000000,1
24.126393,0.000000,1
23.320703,0.000000,1
8.655036,0.000000,1
16.965255,0.000000,1
0.110326,0.000000,1
22.305655,0.000000,1
21.018711,0.000000,1
0.000000,0.000000,1
4.962215,0.000000,1
0.702191,0.000000,1
2.168156,0.000000,1
7.248478,0.000000,1
22.053886,0.000000,1
0.895643,0.000000,1
37.059476,0.000000,1
32.893966,1.000000,1
0.000000,0.000000,1
0.000000,0.000000,1
7.345324,0.000000,1
32.854558,0.000000,1
0.000000,0.000000,1
0.000000,0.000000,1
14.164383,0.000000,1
50.783116,0.000000,1
7.694708,0.000000,1
11.761092,0.000000,1
1.493990,0.000000,1
62.194471,0.000000,1
5.164941,0.000000,1
30.166733,0.000000,1
12.500045,0.000000,1
0.000000,0.000000,1
0.000000,0.000000,1
0.000000,0.000000,1
20.390199,0.000000,1
41.424677,0.000000,1
3.777889,0.000000,1
0.996721,0.000000,1
4.982403,0.000000,1
26.761283,0.000000,1
0.000000,0.000000,1
17.419539,0.000000,1
18.390866,0.000000,1
0.000000,0.000000,1
0.000000,0.000000,1
0.000000,0.000000,1
49.542749,0.000000,1
0.000000,0.000000,1
18.685963,1.000000,1
0.000000,0.000000,1
0.000000,0.000000,1
0.000000,0.000000,1
25.228866,0.000000,1
34.588688,0.000000,1
0.061246,0.000000,1
0.000000,0.000000,1
42.346213,0.000000,1
12.239857,1.000000,1
6.285808,0.000000,1
27.694589,0.000000,1
1.628876,0.000000,1
0.000000,0.000000,1
0.000000,0.000000,1
30.001887,0.000000,1
0.000000,0.000000,1
0.000000,0.000000,1
0.000000,0.000000,1
18.936329,0.000000,1
11.382349,0.000000,1
0.000000,0.000000,1
0.000000,0.000000,1
28.491836,0.000000,1
0.000000,0.000000,1
9.115095,0.000000,1
16.392080,0.000000,1
40.288306,0.000000,1
10.742790,0.000000,1
0.133624,0.000000,1
0.000000,0.000000,1
0.000000,0.000000,1
0.000000,0.000000,1
0.000000,0.000000,1
43.016075,0.000000,1
6.606971,0.000000,1
0.000000,0.000000,1
16.854428,0.000000,1
26.014829,0.000000,1
3.948868,0.000000,1
22.411527,0.000000,1
0.000000,0.000000,1
12.472722,0.000000,1
0.875780,0.000000,1
0.000000,0.000000,1
0.000000,0.000000,1
13.696442,0.000000,1
26.671709,0.000000,1
0.000000,0.000000,1
0.000000,0.000000,1
0.013324,0.000000,1
5.496387,0.000000,1
5.551837,0.000000,1
48.638970,0.000000,1
0.000000,0.000000,1
3.363112,0.000000,1
18.948667,0.000000,1
0.000000,0.000000,1
0.000000,0.000000,1
0.000000,0.000000,1
25.609672,0.000000,1
26.460643,0.000000,1
25.916087,0.000000,1
0.000000,0.000000,1
0.000000,0.000000,1
1.659743,0.000000,1
18.198371,0.000000,1
33.683328,0.000000,1
1.704559,0.000000,1
3.663014,0.000000,1
0.000000,0.000000,1
0.000000,0.000000,1
0.000000,0.000000,1
25.744243,0.000000,1
0.000000,0.000000,1
30.565445,0.000000,1
1.362101,0.000000,1
5.397762,0.000000,1
0.000000,0.000000,1
14.450568,0.000000,1
22.410167,1.000000,1
0.000000,0.000000,1
0.000000,0.000000,1
14.784888,0.000000,1
0.000000,0.000000,1
0.000000,0.000000,1
0.000000,0.000000,1
0.747323,0.000000,1
0.000000,0.000000,1
0.000000,0.000000,1
0.000000,0.000000,1
0.000000,0.000000,1
0.000000,0.000000,1
6.401282,0.000000,1
59.629852,0.000000,1
9.907255,0.000000,1
0.000000,0.000000,1
0.000000,0.000000,1
3.182428,0.000000,1
0.000000,0.000000,1
0.000000,0.000000,1
9.571121,0.000000,1
26.337160,0.000000,1
0.000000,0.000000,1
0.000000,0.000000,1
0.000000,0.000000,1
0.727503,0.000000,1
0.055163,0.000000,1
0.000000,0.000000,1
14.012090,0.000000,1
0.000000,0.000000,1
17.191273,0.000000,1
0.000060,0.000000,1
18.693151,1.000000,1
0.000000,0.000000,1
18.292209,0.000000,1
0.000000,0.000000,1
0.000000,0.000000,1
4.084124,0.000000,1
26.564482,0.000000,1
0.000000,0.000000,1
17.888134,0.000000,1
25.434911,1.000000,1
22.345759,0.000000,1
13.698302,0.000000,1
15.912802,0.000000,1
45.026744,1.000000,1
136.019696,1.000000,1
30.701143,0.000000,1
0.000000,0.000000,1
20.073788,0.000000,1
0.000000,0.000000,1
0.000000,0.000000,1
0.000000,0.000000,1
24.457871,0.000000,1
1.388301,0.000000,1
3.106986,0.000000,1
18.247174,0.000000,1
21.128274,1.000000,1
5.380010,0.000000,1
12.954089,0.000000,1
0.000000,0.000000,1
0.000000,0.000000,1
0.000000,0.000000,1
24.577594,0.000000,1
19.800647,0.000000,1
3.752701,0.000000,1
0.000000,0.000000,1
0.000000,0.000000,1
0.000000,0.000000,1
30.752234,0.000000,1
0.000000,0.000000,1
70.215345,0.000000,1
17.693542,1.000000,1
0.000000,0.000000,1
0.000000,0.000000,1
0.000000,0.000000,1
11.045433,0.000000,1
0.000000,0.000000,1
30.637349,0.000000,1
32.059247,0.000000,1
0.000000,0.000000,1
9.871021,0.000000,1
0.000000,0.000000,1
24.204932,0.000000,1
24.175261,0.000000,1
2.082144,0.000000,1
11.543733,0.000000,1
39.271365,0.000000,1
27.039581,0.000000,1
8.250377,0.000000,1
7.679013,0.000000,1
0.000000,0.000000,1
55.698339,1.000000,1
0.000000,0.000000,1
0.000000,0.000000,1
0.000000,0.000000,1
13.460638,0.000000,1
1.901707,0.000000,1
0.000000,0.000000,1
0.088519,0.000000,1
13.117366,0.000000,1
6.897140,0.000000,1
0.000000,0.000000,1
0.000000,0.000000,1
0.000000,0.000000,1
0.000000,0.000000,1
24.962087,0.000000,1
30.873581,0.000000,1
0.000000,0.000000,1
5.494122,0.000000,1
19.947879,0.000000,1
2.717292,0.000000,1
0.000000,0.000000,1
0.000000,0.000000,1
38.548905,0.000000,1
0.000000,0.000000,1
14.333510,0.000000,1
0.000000,0.000000,1
1.387214,0.000000,1
10.229035,0.000000,1
11.033654,0.000000,1
24.360630,0.000000,1
0.287179,0.000000,1
0.000000,0.000000,1
8.226561,0.000000,1
21.477017,1.000000,1
0.000000,0.000000,1
0.000000,0.000000,1
27.991881,0.000000,1
1.072839,0.000000,1
0.264338,0.000000,1
14.723023,0.000000,1
8.745169,0.000000,1
2.405985,0.000000,1
1.204995,0.000000,1
14.863072,0.000000,1
10.960832,0.000000,1
16.911511,0.000000,1
40.774867,1.000000,1
16.492819,0.000000,1
0.000000,0.000000,1
0.000000,0.000000,1
15.350302,0.000000,1
15.211809,0.000000,1
0.000000,0.000000,1
11.712446,0.000000,1
0.000000,0.000000,1
13.512682,0.000000,1
12.252381,0.000000,1
40.074101,1.000000,1
20.869928,0.000000,1
87.151030,0.000000,1
40.765107,0.000000,1
0.000000,0.000000,1
0.000000,0.000000,1
0.000000,0.000000,1
48.934758,0.000000,1
13.299103,0.000000,1
5.773536,0.000000,1
12.748061,0.000000,1
0.000000,0.000000,1
0.000000,0.000000,1
0.138606,0.000000,1
0.000000,0.000000,1
0.000000,0.000000,1
0.000000,0.000000,1
11.543590,0.000000,1
7.833035,0.000000,1
32.213487,0.000000,1
23.311953,0.000000,1
26.499368,0.000000,1
0.000000,0.000000,1
49.040605,0.000000,1
29.214645,0.000000,1
11.571446,0.000000,1
45.448106,0.000000,1
0.000000,0.000000,1
0.000000,0.000000,1
32.792402,0.000000,1
21.615973,0.000000,1
0.000000,0.000000,1
6.877874,0.000000,1
33.581675,0.000000,1
0.000000,0.000000,1
4.959156,0.000000,1
0.000000,0.000000,1
0.000000,0.000000,1
0.000000,0.000000,1
4.490565,0.000000,1
0.000000,0.000000,1
19.005482,0.000000,1
0.000000,0.000000,1
0.000000,0.000000,1
0.515676,0.000000,1
0.326692,0.000000,1
0.000000,0.000000,1
4.183764,0.000000,1
0.000000,0.000000,1
0.000000,0.000000,1
27.673444,0.000000,1
0.000000,0.000000,1
34.522469,0.000000,1
26.915590,0.000000,1
20.610948,0.000000,1
2.614906,0.000000,1
36.602117,0.000000,1
0.000000,0.000000,1
26.158404,0.000000,1
0.000000,0.000000,1
17.121797,0.000000,1
21.927097,0.000000,1
27.453645,0.000000,1
22.050948,0.000000,1
2.957401,0.000000,1
0.000000,0.000000,1
0.000000,0.000000,1
1.374067,0.000000,1
0.000000,0.000000,1
0.000000,0.000000,1
26.335493,0.000000,1
0.000000,0.000000,1
15.353583,0.000000,1
0.000000,0.000000,1
0.000000,0.000000,1
4.286515,0.000000,1
1.937192,0.000000,1
0.000000,0.000000,1
0.000000,0.000000,1
0.000000,0.000000,1
0.000000,0.000000,1
20.244861,0.000000,1
77.047903,1.000000,1
23.797487,0.000000,1
0.000000,0.000000,1
8.705096,0.000000,1
0.000000,0.000000,1
1.432500,0.000000,1
20.092378,0.000000,1
12.632952,0.000000,1
0.000000,0.000000,1
20.925895,0.000000,1
1.414044,0.000000,1
9.242769,0.000000,1
0.000000,0.000000,1
0.000000,0.000000,1
8.945116,0.000000,1
0.000246,0.000000,1
30.071871,0.000000,1
56.654388,0.000000,1
0.000000,0.000000,1
0.929208,0.000000,1
0.282336,0.000000,1
0.000000,0.000000,1
2.569321,0.000000,1
43.256035,0.000000,1
1.704456,0.000000,1
7.102323,0.000000,1
7.207202,0.000000,1
0.000000,0.000000,1
0.000000,0.000000,1
21.054128,0.000000,1
0.000000,0.000000,1
0.000000,0.000000,1
0.000000,0.000000,1
0.000000,0.000000,1
16.309072,0.000000,1
9.552922,0.000000,1
0.000000,0.000000,1
0.652312,0.000000,1
4.832392,0.000000,1
7.757217,0.000000,1
15.651057,0.000000,1
0.000000,0.000000,1
0.018006,0.000000,1
14.307454,0.000000,1
22.437962,0.000000,1
0.000000,0.000000,1
0.000000,0.000000,1
0.000000,0.000000,1
14.802836,0.000000,1
0.000000,0.000000,1
0.000000,0.000000,1
0.000000,0.000000,1
0.000000,0.000000,1
0.000000,0.000000,1
0.000000,0.000000,1
0.000000,0.000000,1
8.988117,0.000000,1
0.000000,0.000000,1
9.442743,0.000000,1
17.894901,0.000000,1
0.000000,0.000000,1
32.129149,0.000000,1
0.000000,0.000000,1
0.000000,0.000000,1
55.916679,1.000000,1
9.462279,0.000000,1
0.000000,0.000000,1
0.203981,0.000000,1
0.000000,0.000000,1
31.636337,0.000000,1
19.398613,0.000000,1
0.000000,0.000000,1
0.000000,0.000000,1
0.000000,0.000000,1
16.321825,0.000000,1
0.000000,0.000000,1
0.000000,0.000000,1
0.000000,0.000000,1
23.889563,0.000000,1
17.208602,0.000000,1
0.000000,0.000000,1
0.000000,0.000000,1
1.798277,0.000000,1
0.000000,0.000000,1
17.548220,0.000000,1
2.479219,0.000000,1
10.910812,0.000000,1
25.941164,0.000000,1
57.187831,0.000000,1
0.000000,0.000000,1
0.000000,0.000000,1
3.403265,0.000000,1
7.061821,0.000000,1
9.176043,0.000000,1
0.000000,0.000000,1
0.000000,0.000000,1
0.000000,0.000000,1
48.631797,0.000000,1
0.000000,0.000000,1
1.084892,0.000000,1
26.434596,0.000000,1
0.000000,0.000000,1
0.000000,0.000000,1
0.000000,0.000000,1
9.807575,0.000000,1
0.000000,0.000000,1
28.372824,0.000000,1
0.080276,0.000000,1
3.314943,0.000000,1
0.000000,0.000000,1
0.000000,0.000000,1
5.891274,0.000000,1
0.838189,0.000000,1
21.006287,0.000000,1
15.324023,0.000000,1
12.031393,0.000000,1
0.000000,0.000000,1
7.459364,0.000000,1
0.000000,0.000000,1
-0.000000,0.000000,1
0.000000,0.000000,1
24.173353,0.000000,1
18.109571,0.000000,1
19.698172,0.000000,1
12.722576,0.000000,1
4.502855,0.000000,1
21.680405,0.000000,1
27.354092,0.000000,1
23.741964,0.000000,1
0.000000,0.000000,1
26.125993,0.000000,1
0.000000,0.000000,1
0.000000,0.000000,1
8.512589,0.000000,1
0.694108,0.000000,1
0.000000,0.000000,1
12.962019,0.000000,1
0.000000,0.000000,1
16.350244,0.000000,1
12.218590,0.000000,1
0.000000,0.000000,1
71.974613,0.000000,1
0.474546,0.000000,1
0.019700,0.000000,1
21.965600,0.000000,1
19.044010,0.000000,1
47.578307,1.000000,1
0.000000,0.000000,1
0.522681,0.000000,1
0.000000,0.000000,1
0.000000,0.000000,1
0.000000,0.000000,1
0.000000,0.000000,1
15.297418,0.000000,1
0.000000,0.000000,1
0.000000,0.000000,1
8.347313,0.000000,1
44.559202,1.000000,1
0.000000,0.000000,1
0.000000,0.000000,1
0.000000,0.000000,1
0.000000,0.000000,1
0.000000,0.000000,1
0.000000,0.000000,1
0.000000,0.000000,1
0.007512,0.000000,1
19.788422,0.000000,1
0.000000,0.000000,1
0.000000,0.000000,1
29.470999,0.000000,1
0.000000,0.000000,1
21.714022,0.000000,1
41.935992,0.000000,1
55.124167,0.000000,1
18.463118,0.000000,1
1.212982,0.000000,1
0.000000,0.000000,1
0.000000,0.000000,1
15.144633,1.000000,1
0.000000,0.000000,1
0.000000,0.000000,1
9.402007,0.000000,1
5.713373,0.000000,1
0.000000,0.000000,1
0.000000,0.000000,1
0.000000,0.000000,1
0.708940,0.000000,1
6.384657,0.000000,1
2.798141,0.000000,1
23.143748,0.000000,1
3.072525,0.000000,1
16.061061,0.000000,1
0.000000,0.000000,1
21.569233,0.000000,1
0.000000,0.000000,1
55.505920,0.000000,1
0.000000,0.000000,1
6.952488,0.000000,1
5.231380,0.000000,1
20.051299,0.000000,1
0.000000,0.000000,1
0.000000,0.000000,1
22.272916,0.000000,1
4.483679,0.000000,1
16.832232,0.000000,1
0.000000,0.000000,1
0.000000,0.000000,1
0.000000,0.000000,1
0.000000,0.000000,1
0.000000,0.000000,1
18.559291,0.000000,1
0.000000,0.000000,1
0.000000,0.000000,1
10.333825,0.000000,1
7.663387,0.000000,1
16.897103,0.000000,1
12.500474,0.000000,1
0.000000,0.000000,1
23.040751,0.000000,1
22.837817,0.000000,1
9.618168,0.000000,1
0.000000,0.000000,1
47.777025,0.000000,1
1.795267,0.000000,1
0.000000,0.000000,1
25.637127,1.000000,1
0.000000,0.000000,1
5.949574,0.000000,1
18.311529,0.000000,1
20.850012,0.000000,1
9.119182,0.000000,1
-0.000000,0.000000,1
11.262315,0.000000,1
0.000000,0.000000,1
0.774868,0.000000,1
0.000000,0.000000,1
12.104654,0.000000,1
7.410549,1.000000,1
15.681933,0.000000,1
8.137777,0.000000,1
0.000000,0.000000,1
25.078452,1.000000,1
0.000000,0.000000,1
0.012128,0.000000,1
3.171577,0.000000,1
12.863303,1.000000,1
12.701914,0.000000,1
0.000000,0.000000,1
0.000000,0.000000,1
17.620467,0.000000,1
0.000000,0.000000,1
3.401134,0.000000,1
0.179899,0.000000,1
0.000000,0.000000,1
64.334368,0.000000,1
0.000000,0.000000,1
19.514983,0.000000,1
0.000000,0.000000,1
88.115240,0.000000,1
16.206622,0.000000,1
21.123072,0.000000,1
23.649791,0.000000,1
0.000000,0.000000,1
0.000000,0.000000,1
14.694687,0.000000,1
0.000000,0.000000,1
1.196165,0.000000,1
15.232162,0.000000,1
0.000000,0.000000,1
6.518953,0.000000,1
0.000000,0.000000,1
0.000000,0.000000,1
0.000000,0.000000,1
5.246465,0.000000,1
23.627879,0.000000,1
0.000000,0.000000,1
2.291526,0.000000,1
0.000000,0.000000,1
12.653603,0.000000,1
23.684961,0.000000,1
16.121604,0.000000,1
0.000000,0.000000,1
32.763585,0.000000,1
22.082001,0.000000,1
0.000000,0.000000,1
26.954653,0.000000,1
23.269492,0.000000,1
0.094793,0.000000,1
4.992971,0.000000,1
0.000000,0.000000,1
28.504471,0.000000,1
0.000000,0.000000,1
26.452513,0.000000,1
3.296698,0.000000,1
8.600021,0.000000,1
0.000000,0.000000,1
0.162320,0.000000,1
24.967957,0.000000,1
0.000000,0.000000,1
22.332606,0.000000,1
0.000000,0.000000,1
57.345811,0.000000,1
0.000000,0.000000,1
0.191513,0.000000,1
0.715112,0.000000,2
-0.000000,0.000000,2
0.011954,0.000000,2
0.000000,0.000000,2
0.000000,0.000000,2
0.096451,0.000000,2
0.005245,0.000000,2
0.000000,0.000000,2
0.000000,0.000000,2
0.000000,0.000000,2
0.772977,1.000000,2
0.355982,1.000000,2
0.037454,0.000000,2
0.000000,0.000000,2
0.000000,0.000000,2
0.085405,0.000000,2
1.102366,0.000000,2
0.866111,1.000000,2
0.000055,0.000000,2
1.134799,0.000000,2
2.872164,0.000000,2
0.233521,1.000000,2
0.802877,1.000000,2
0.000000,0.000000,2
0.034114,0.000000,2
0.836072,1.000000,2
0.000000,0.000000,2
3.073288,0.000000,2
0.000000,0.000000,2
0.000000,0.000000,2
0.000000,0.000000,2
0.004314,0.000000,2
0.000000,0.000000,2
2.230671,1.000000,2
0.048792,0.000000,2
0.217091,0.000000,2
0.000100,0.000000,2
0.000000,0.000000,2
0.000000,0.000000,2
0.001952,0.000000,2
0.000000,0.000000,2
0.007056,0.000000,2
0.000000,0.000000,2
0.000000,0.000000,2
0.594100,1.000000,2
0.003267,0.000000,2
0.000000,0.000000,2
0.056186,0.000000,2
0.460816,2.000000,2
0.284079,0.000000,2
0.645282,2.000000,2
0.000000,0.000000,2
0.000000,0.000000,2
0.000000,0.000000,2
0.000000,0.000000,2
0.000000,0.000000,2
0.585773,1.000000,2
0.809857,1.000000,2
0.001454,0.000000,2
0.041573,0.000000,2
0.000084,0.000000,2
0.002822,1.000000,2
0.000000,0.000000,2
0.000000,0.000000,2
0.000000,0.000000,2
0.014146,0.000000,2
0.000000,0.000000,2
0.000000,0.000000,2
0.000000,0.000000,2
0.000000,0.000000,2
0.000000,0.000000,2
0.002475,1.000000,2
0.052235,0.000000,2
0.002985,1.000000,2
0.000000,0.000000,2
0.000000,0.000000,2
0.190099,1.000000,2
0.027205,0.000000,2
0.000500,0.000000,2
0.000000,0.000000,2
0.478449,1.000000,2
0.027542,1.000000,2
0.000000,0.000000,2
0.000000,0.000000,2
0.000000,0.000000,2
0.008033,0.000000,2
0.000000,0.000000,2
0.052173,0.000000,2
0.000000,0.000000,2
0.000000,0.000000,2
0.140088,1.000000,2
0.085082,1.000000,2
0.000000,0.000000,2
0.592114,2.000000,2
0.556576,1.000000,2
1.685157,0.000000,2
0.070723,0.000000,2
0.105995,0.000000,2
0.184235,1.000000,2
0.592238,0.000000,2
0.000000,0.000000,2
0.577700,0.000000,2
-0.000000,0.000000,2
0.000000,0.000000,2
0.000000,0.000000,2
0.000000,0.000000,2
0.000000,0.000000,2
0.000000,0.000000,2
0.247174,0.000000,2
0.033336,0.000000,2
0.000000,0.000000,2
0.000000,0.000000,2
0.023071,1.000000,2
0.000016,0.000000,2
0.004238,0.000000,2
0.000000,0.000000,2
-0.000000,0.000000,2
0.000000,0.000000,2
0.216227,1.000000,2
0.000000,0.000000,2
0.000000,0.000000,2
0.000000,0.000000,2
0.007574,0.000000,2
0.051218,0.000000,2
0.079325,1.000000,2
0.000000,0.000000,2
0.480947,1.000000,2
0.000000,0.000000,2
0.000006,0.000000,2
0.000000,0.000000,2
0.004872,0.000000,2
0.006281,0.000000,2
0.040069,1.000000,2
0.752474,1.000000,2
0.024515,0.000000,2
0.010460,0.000000,2
0.000000,0.000000,2
0.000000,0.000000,2
0.000000,0.000000,2
-0.000000,0.000000,2
0.191522,0.000000,2
0.443338,1.000000,2
0.000000,0.000000,2
0.000000,0.000000,2
0.000000,0.000000,2
5.319774,0.000000,2
0.000000,0.000000,2
0.000000,0.000000,2
0.423403,1.000000,2
0.187259,1.000000,2
0.000912,0.000000,2
0.368628,1.000000,2
-0.000000,0.000000,2
0.006520,1.000000,2
0.000000,0.000000,2
0.204497,1.000000,2
0.000695,0.000000,2
0.002103,0.000000,2
0.000000,0.000000,2
0.213135,0.000000,2
0.000000,0.000000,2
0.011275,0.000000,2
0.170345,0.000000,2
0.000000,0.000000,2
0.237074,1.000000,2
0.072210,0.000000,2
0.000162,0.000000,2
0.018286,0.000000,2
1.710872,1.000000,2
0.000000,0.000000,2
0.075292,0.000000,2
0.000000,0.000000,2
0.005549,0.000000,2
0.045904,0.000000,2
0.000000,0.000000,2
0.000000,0.000000,2
0.448222,0.000000,2
0.002044,1.000000,2
0.896099,2.000000,2
0.000000,0.000000,2
0.000000,0.000000,2
0.000000,0.000000,2
0.000000,0.000000,2
6.365279,1.000000,2
1.432350,1.000000,2
-0.000000,0.000000,2
0.097146,1.000000,2
0.463449,1.000000,2
0.888950,1.000000,2
0.000000,0.000000,2
0.025675,0.000000,2
0.251821,0.000000,2
0.000000,0.000000,2
0.000000,0.000000,2
0.000000,0.000000,2
1.110753,0.000000,2
0.073242,1.000000,2
0.000000,0.000000,2
0.000305,0.000000,2
-0.000000,0.000000,2
0.169017,1.000000,2
0.103386,2.000000,2
0.009125,0.000000,2
0.000000,0.000000,2
0.000000,0.000000,2
0.000000,0.000000,2
0.000000,0.000000,2
0.057950,1.000000,2
4.059946,1.000000,2
0.156440,1.000000,2
0.000000,0.000000,2
0.000350,0.000000,2
0.000000,0.000000,2
0.438175,0.000000,2
1.797509,0.000000,2
0.509934,1.000000,2
0.000000,0.000000,2
0.000000,0.000000,2
0.000000,0.000000,2
1.241949,1.000000,2
1.223866,2.000000,2
0.000000,0.000000,2
0.065415,1.000000,2
0.000000,0.000000,2
0.349205,1.000000,2
0.000000,0.000000,2
2.419380,2.000000,2
0.000000,0.000000,2
0.074715,0.000000,2
0.856995,2.000000,2
0.112936,0.000000,2
0.031777,0.000000,2
0.037691,0.000000,2
0.000000,0.000000,2
0.007003,0.000000,2
0.588971,1.000000,2
0.151305,0.000000,2
0.000000,0.000000,2
0.001161,0.000000,2
0.000000,0.000000,2
0.010423,0.000000,2
0.000000,0.000000,2
0.000000,0.000000,2
0.000000,0.000000,2
4.060082,2.000000,2
0.000000,0.000000,2
0.034718,1.000000,2
0.479610,1.000000,2
0.454157,1.000000,2
0.050478,1.000000,2
0.000000,0.000000,2
0.710993,1.000000,2
0.295911,0.000000,2
0.000000,0.000000,2
0.000000,0.000000,2
0.000000,0.000000,2
0.000035,0.000000,2
0.000124,0.000000,2
0.013000,1.000000,2
0.000000,0.000000,2
0.106739,0.000000,2
0.006520,1.000000,2
0.000000,0.000000,2
0.593502,0.000000,2
1.107115,0.000000,2
0.000000,0.000000,2
0.000000,0.000000,2
0.000000,0.000000,2
0.023758,0.000000,2
0.104134,1.000000,2
0.000000,0.000000,2
0.040482,1.000000,2
0.003997,0.000000,2
0.000000,0.000000,2
0.000419,0.000000,2
0.198127,1.000000,2
0.000000,0.000000,2
0.040022,1.000000,2
0.517549,1.000000,2
0.000000,0.000000,2
0.000000,0.000000,2
0.134851,1.000000,2
1.106091,1.000000,2
0.931432,0.000000,2
0.000522,0.000000,2
0.249782,1.000000,2
1.457760,1.000000,2
0.168837,1.000000,2
0.000000,0.000000,2
0.000000,0.000000,2
0.000000,0.000000,2
0.047813,0.000000,2
0.000000,0.000000,2
0.050539,1.000000,2
0.000000,0.000000,2
0.000000,0.000000,2
0.375155,0.000000,2
0.052916,0.000000,2
0.133351,1.000000,2
0.179968,0.000000,2
0.000000,0.000000,2
0.000000,0.000000,2
0.000000,0.000000,2
0.635354,0.000000,2
0.000000,0.000000,2
0.000037,0.000000,2
0.000000,0.000000,2
0.000065,0.000000,2
0.000000,0.000000,2
0.000000,0.000000,2
0.000000,0.000000,2
0.000000,0.000000,2
0.000000,0.000000,2
0.000000,0.000000,2
0.000000,0.000000,2
0.031819,1.000000,2
0.000000,0.000000,2
0.242375,1.000000,2
0.000000,0.000000,2
3.196517,1.000000,2
0.000000,0.000000,2
0.000000,0.000000,2
0.117887,0.000000,2
0.000000,0.000000,2
0.003835,0.000000,2
0.050350,0.000000,2
0.000000,0.000000,2
0.086039,2.000000,2
0.000000,0.000000,2
0.005736,0.000000,2
0.000702,0.000000,2
1.062086,1.000000,2
0.002438,0.000000,2
0.161503,1.000000,2
0.034758,0.000000,2
0.001088,0.000000,2
0.001459,1.000000,2
0.000265,0.000000,2
0.000000,0.000000,2
0.000529,0.000000,2
0.010176,0.000000,2
0.346647,1.000000,2
0.212432,0.000000,2
0.025582,1.000000,2
0.040801,0.000000,2
0.160486,0.000000,2
0.178518,1.000000,2
0.000000,0.000000,2
0.000000,0.000000,2
0.110705,0.000000,2
0.651807,0.000000,2
0.000000,0.000000,2
0.000000,0.000000,2
0.122807,1.000000,2
0.003371,0.000000,2
0.485144,0.000000,2
0.033128,0.000000,2
0.562907,1.000000,2
0.074508,1.000000,2
0.016525,1.000000,2
0.678492,0.000000,2
0.060476,0.000000,2
0.000000,0.000000,2
0.000000,0.000000,2
0.000000,0.000000,2
0.434599,1.000000,2
0.220525,1.000000,2
0.005659,0.000000,2
0.032287,1.000000,2
1.927240,0.000000,2
0.114231,0.000000,2
0.000000,0.000000,2
0.738829,0.000000,2
4.946804,1.000000,2
0.000000,0.000000,2
0.000000,0.000000,2
0.000000,0.000000,2
0.009764,0.000000,2
0.000000,0.000000,2
0.128969,2.000000,2
0.000000,0.000000,2
0.000000,0.000000,2
0.000000,0.000000,2
0.012388,0.000000,2
0.165129,0.000000,2
0.000591,0.000000,2
0.000000,0.000000,2
0.249040,1.000000,2
0.221331,1.000000,2
0.031282,2.000000,2
0.817929,1.000000,2
0.014298,0.000000,2
0.000000,0.000000,2
0.000000,0.000000,2
0.415935,1.000000,2
0.000000,0.000000,2
0.000000,0.000000,2
0.000000,0.000000,2
0.820807,1.000000,2
0.060940,1.000000,2
0.000000,0.000000,2
0.000000,0.000000,2
0.571124,1.000000,2
0.000000,0.000000,2
0.034430,0.000000,2
0.058490,1.000000,2
0.305477,1.000000,2
0.040862,0.000000,2
0.000102,0.000000,2
0.000000,0.000000,2
0.000000,0.000000,2
0.000000,0.000000,2
0.000000,0.000000,2
0.434442,0.000000,2
0.008206,1.000000,2
0.000000,0.000000,2
0.885726,0.000000,2
1.657033,1.000000,2
0.602127,0.000000,2
0.138339,1.000000,2
0.000000,0.000000,2
0.300666,0.000000,2
0.048185,0.000000,2
0.000000,0.000000,2
0.000000,0.000000,2
1.256272,0.000000,2
0.025591,1.000000,2
0.000000,0.000000,2
0.000000,0.000000,2
0.000006,0.000000,2
0.159615,0.000000,2
0.014762,0.000000,2
0.057919,1.000000,2
0.000000,0.000000,2
0.013105,0.000000,2
4.316758,1.000000,2
0.000000,0.000000,2
0.000000,0.000000,2
0.000000,0.000000,2
0.116145,1.000000,2
0.955048,0.000000,2
14.101005,1.000000,2
0.000000,0.000000,2
0.000000,0.000000,2
0.411144,1.000000,2
0.286501,0.000000,2
0.137483,0.000000,2
0.011360,0.000000,2
0.142389,0.000000,2
0.000000,0.000000,2
0.000000,0.000000,2
0.000000,0.000000,2
0.121643,1.000000,2
0.000000,0.000000,2
0.611738,0.000000,2
0.000125,0.000000,2
0.011505,0.000000,2
0.000000,0.000000,2
2.326051,1.000000,2
0.029488,1.000000,2
0.000000,0.000000,2
0.000000,0.000000,2
0.615085,0.000000,2
0.000000,0.000000,2
0.000000,0.000000,2
0.000000,0.000000,2
0.034407,1.000000,2
0.000000,0.000000,2
0.000000,0.000000,2
0.000000,0.000000,2
0.000000,0.000000,2
0.000000,0.000000,2
0.031764,0.000000,2
0.004010,0.000000,2
0.050893,1.000000,2
0.000000,0.000000,2
0.000000,0.000000,2
0.011421,1.000000,2
0.000000,0.000000,2
0.000000,0.000000,2
0.010233,1.000000,2
0.000346,0.000000,2
0.000000,0.000000,2
0.000000,0.000000,2
0.000000,0.000000,2
0.012039,0.000000,2
0.049411,0.000000,2
0.000000,0.000000,2
0.897509,1.000000,2
0.000000,0.000000,2
0.383304,1.000000,2
0.000000,0.000000,2
0.358076,2.000000,2
0.000000,0.000000,2
0.219222,0.000000,2
0.000000,0.000000,2
0.000000,0.000000,2
0.004782,0.000000,2
0.349682,1.000000,2
0.000000,0.000000,2
0.000805,0.000000,2
0.087581,1.000000,2
0.040848,1.000000,2
0.198408,0.000000,2
0.023045,1.000000,2
1.096077,1.000000,2
3.537064,1.000000,2
0.979430,0.000000,2
0.000000,0.000000,2
0.662697,0.000000,2
0.000000,0.000000,2
0.000000,0.000000,2
0.000000,0.000000,2
0.062621,1.000000,2
0.030917,1.000000,2
0.793292,0.000000,2
0.278176,0.000000,2
0.513398,1.000000,2
0.058618,1.000000,2
0.092081,1.000000,2
0.000000,0.000000,2
0.000000,0.000000,2
0.000000,0.000000,2
0.332554,0.000000,2
0.880805,0.000000,2
1.328073,1.000000,2
0.000000,0.000000,2
0.000000,0.000000,2
0.000000,0.000000,2
0.003806,0.000000,2
0.000000,0.000000,2
0.138912,1.000000,2
0.006858,1.000000,2
0.000000,0.000000,2
0.000000,0.000000,2
0.000000,0.000000,2
0.062131,1.000000,2
0.000000,0.000000,2
0.130784,0.000000,2
0.013245,1.000000,2
0.000000,0.000000,2
0.153212,1.000000,2
0.000000,0.000000,2
0.300488,0.000000,2
2.070735,1.000000,2
0.257559,1.000000,2
4.107584,1.000000,2
0.602929,0.000000,2
0.896235,0.000000,2
0.226148,0.000000,2
0.101801,1.000000,2
0.000000,0.000000,2
1.302526,1.000000,2
0.000000,0.000000,2
0.000000,0.000000,2
0.000000,0.000000,2
0.373291,0.000000,2
0.000130,0.000000,2
0.000000,0.000000,2
0.004636,1.000000,2
0.234367,0.000000,2
0.018016,0.000000,2
0.000000,0.000000,2
0.000000,0.000000,2
0.000000,0.000000,2
0.000000,0.000000,2
0.319331,0.000000,2
0.191537,1.000000,2
0.000000,0.000000,2
0.615541,1.000000,2
0.000039,0.000000,2
0.028995,1.000000,2
0.000000,0.000000,2
0.000000,0.000000,2
0.225428,1.000000,2
0.000000,0.000000,2
0.865303,1.000000,2
0.000000,0.000000,2
0.004545,0.000000,2
0.001385,1.000000,2
0.195527,1.000000,2
0.009843,0.000000,2
0.033357,0.000000,2
0.000000,0.000000,2
0.005480,1.000000,2
0.293484,2.000000,2
0.000000,0.000000,2
0.000000,0.000000,2
0.051097,0.000000,2
0.040060,0.000000,2
0.045072,0.000000,2
0.077421,0.000000,2
3.697760,0.000000,2
0.022838,1.000000,2
0.320232,1.000000,2
0.046782,2.000000,2
0.285875,2.000000,2
0.033470,0.000000,2
0.153018,2.000000,2
0.054966,1.000000,2
0.000000,0.000000,2
0.000000,0.000000,2
0.001263,0.000000,2
0.001853,0.000000,2
0.000000,0.000000,2
0.236553,1.000000,2
0.000000,0.000000,2
0.849253,1.000000,2
0.000621,0.000000,2
1.156795,2.000000,2
0.184544,0.000000,2
2.586866,0.000000,2
0.004894,0.000000,2
0.000000,0.000000,2
0.000000,0.000000,2
0.000000,0.000000,2
0.790449,1.000000,2
0.035768,1.000000,2
0.182824,1.000000,2
0.093895,1.000000,2
0.000000,0.000000,2
0.000000,0.000000,2
0.027318,1.000000,2
0.000000,0.000000,2
0.000000,0.000000,2
0.000000,0.000000,2
0.236923,1.000000,2
0.797645,0.000000,2
0.190756,0.000000,2
0.067059,1.000000,2
0.842532,1.000000,2
0.000000,0.000000,2
0.176185,1.000000,2
0.527656,1.000000,2
0.232155,1.000000,2
0.039091,1.000000,2
0.000000,0.000000,2
0.000000,0.000000,2
0.149246,0.000000,2
0.282292,0.000000,2
0.000000,0.000000,2
0.361499,1.000000,2
0.087573,1.000000,2
0.000000,0.000000,2
0.048870,0.000000,2
0.000000,0.000000,2
0.000000,0.000000,2
0.000000,0.000000,2
0.057372,1.000000,2
0.000000,0.000000,2
0.920453,2.000000,2
0.000000,0.000000,2
0.000000,0.000000,2
0.039126,1.000000,2
0.047274,0.000000,2
0.000000,0.000000,2
0.064081,0.000000,2
0.000000,0.000000,2
0.000000,0.000000,2
0.795666,1.000000,2
0.000000,0.000000,2
0.688227,1.000000,2
0.640332,1.000000,2
0.002014,0.000000,2
0.227336,1.000000,2
2.185624,1.000000,2
0.000000,0.000000,2
0.779595,1.000000,2
0.000000,0.000000,2
0.202014,0.000000,2
0.415504,0.000000,2
0.000039,0.000000,2
0.558384,1.000000,2
0.675356,0.000000,2
0.000000,0.000000,2
0.000000,0.000000,2
1.057001,1.000000,2
0.000000,0.000000,2
0.000000,0.000000,2
0.959684,1.000000,2
0.000000,0.000000,2
0.880326,1.000000,2
0.000000,0.000000,2
0.000000,0.000000,2
0.000254,0.000000,2
0.187720,1.000000,2
0.000000,0.000000,2
0.000000,0.000000,2
0.000000,0.000000,2
0.000000,0.000000,2
0.631750,0.000000,2
0.007586,1.000000,2
0.325821,1.000000,2
0.000000,0.000000,2
0.049526,1.000000,2
0.000000,0.000000,2
1.153826,1.000000,2
0.071893,1.000000,2
0.022100,1.000000,2
0.000000,0.000000,2
0.482714,0.000000,2
0.000033,0.000000,2
0.080140,1.000000,2
0.000000,0.000000,2
0.000000,0.000000,2
0.062905,0.000000,2
0.000246,0.000000,2
1.086737,0.000000,2
0.017621,0.000000,2
0.000000,0.000000,2
0.049085,2.000000,2
0.260980,0.000000,2
0.000000,0.000000,2
0.373298,0.000000,2
0.303309,1.000000,2
0.370678,0.000000,2
1.018728,1.000000,2
0.013785,0.000000,2
0.000000,0.000000,2
0.000000,0.000000,2
0.599001,0.000000,2
0.000000,0.000000,2
0.000000,0.000000,2
0.000000,0.000000,2
0.000000,0.000000,2
0.055657,2.000000,2
0.288241,1.000000,2
0.000000,0.000000,2
0.002253,0.000000,2
1.579902,1.000000,2
1.695086,1.000000,2
0.716329,1.000000,2
0.000000,0.000000,2
0.000283,0.000000,2
0.453135,0.000000,2
0.004614,1.000000,2
0.000000,0.000000,2
0.000000,0.000000,2
0.000000,0.000000,2
0.406690,1.000000,2
0.000000,0.000000,2
0.000000,0.000000,2
0.000000,0.000000,2
0.000000,0.000000,2
0.000000,0.000000,2
0.000000,0.000000,2
0.000000,0.000000,2
0.055637,0.000000,2
0.000000,0.000000,2
0.109186,0.000000,2
0.002368,0.000000,2
0.000000,0.000000,2
1.347158,0.000000,2
0.000000,0.000000,2
0.000000,0.000000,2
48.809401,1.000000,2
0.081613,1.000000,2
0.000000,0.000000,2
0.041838,0.000000,2
0.000000,0.000000,2
0.516425,0.000000,2
0.157001,1.000000,2
0.000000,0.000000,2
0.000000,0.000000,2
0.000000,0.000000,2
0.073968,0.000000,2
0.000000,0.000000,2
0.000000,0.000000,2
0.000000,0.000000,2
0.043134,0.000000,2
0.014391,0.000000,2
0.000000,0.000000,2
0.000000,0.000000,2
0.003805,0.000000,2
0.000000,0.000000,2
7.145667,0.000000,2
0.018548,0.000000,2
0.010068,1.000000,2
0.786917,0.000000,2
0.200076,0.000000,2
0.000000,0.000000,2
0.000000,0.000000,2
0.000557,0.000000,2
0.526875,1.000000,2
0.256345,0.000000,2
0.000000,0.000000,2
0.000000,0.000000,2
0.000000,0.000000,2
0.057852,1.000000,2
0.000000,0.000000,2
0.009440,0.000000,2
0.881576,0.000000,2
0.000000,0.000000,2
0.000000,0.000000,2
0.000000,0.000000,2
0.476675,2.000000,2
0.000000,0.000000,2
0.747578,1.000000,2
0.080276,0.000000,2
0.315788,1.000000,2
0.000000,0.000000,2
0.000000,0.000000,2
0.377453,0.000000,2
0.399830,0.000000,2
0.687566,0.000000,2
0.004799,1.000000,2
0.050364,0.000000,2
0.000000,0.000000,2
0.074185,0.000000,2
0.000000,0.000000,2
-0.000000,0.000000,2
0.000000,0.000000,2
0.229756,1.000000,2
0.062342,1.000000,2
0.166475,1.000000,2
0.180725,1.000000,2
0.008959,0.000000,2
0.215868,0.000000,2
0.483345,0.000000,2
1.724571,1.000000,2
0.000000,0.000000,2
0.090066,0.000000,2
0.000000,0.000000,2
0.000000,0.000000,2
0.000009,0.000000,2
0.110876,1.000000,2
0.000000,0.000000,2
0.581147,1.000000,2
0.000000,0.000000,2
0.226218,0.000000,2
0.419664,1.000000,2
0.000000,0.000000,2
0.872225,0.000000,2
0.001199,0.000000,2
0.000002,0.000000,2
0.640323,1.000000,2
0.675143,1.000000,2
0.007877,1.000000,2
0.000000,0.000000,2
0.000935,0.000000,2
0.000000,0.000000,2
0.000000,0.000000,2
0.000000,0.000000,2
0.000000,0.000000,2
0.058911,0.000000,2
0.000000,0.000000,2
0.000000,0.000000,2
0.468304,1.000000,2
2.822486,2.000000,2
0.000000,0.000000,2
0.000000,0.000000,2
0.000000,0.000000,2
0.000000,0.000000,2
0.000000,0.000000,2
0.000000,0.000000,2
0.000000,0.000000,2
0.000118,0.000000,2
0.841622,0.000000,2
0.000000,0.000000,2
0.000000,0.000000,2
0.158436,0.000000,2
0.000000,0.000000,2
0.393579,1.000000,2
0.026354,0.000000,2
0.003769,0.000000,2
0.142451,0.000000,2
0.005943,0.000000,2
0.000000,0.000000,2
0.000000,0.000000,2
0.645430,1.000000,2
0.000000,0.000000,2
0.000000,0.000000,2
0.039739,1.000000,2
0.339218,1.000000,2
0.000000,0.000000,2
0.000000,0.000000,2
0.000000,0.000000,2
0.032386,0.000000,2
0.113801,0.000000,2
0.018213,1.000000,2
0.008669,1.000000,2
0.006319,1.000000,2
0.157752,1.000000,2
0.000000,0.000000,2
0.054688,1.000000,2
0.000000,0.000000,2
0.032433,1.000000,2
0.000000,0.000000,2
0.010565,0.000000,2
0.158960,1.000000,2
0.215832,1.000000,2
0.000000,0.000000,2
0.000000,0.000000,2
0.031539,1.000000,2
0.070588,1.000000,2
0.149356,0.000000,2
0.000000,0.000000,2
0.000000,0.000000,2
0.000000,0.000000,2
0.000000,0.000000,2
0.000000,0.000000,2
0.001401,0.000000,2
0.000000,0.000000,2
0.000000,0.000000,2
0.000076,1.000000,2
0.000339,0.000000,2
0.175156,1.000000,2
0.402552,1.000000,2
0.000000,0.000000,2
0.014594,1.000000,2
0.002600,1.000000,2
0.016847,0.000000,2
0.000000,0.000000,2
5.862522,1.000000,2
0.000935,1.000000,2
0.000000,0.000000,2
2.352338,1.000000,2
0.000000,0.000000,2
0.084222,1.000000,2
1.101733,1.000000,2
0.371505,0.000000,2
0.957241,0.000000,2
-0.000000,0.000000,2
0.029208,0.000000,2
0.000000,0.000000,2
0.234241,2.000000,2
0.000000,0.000000,2
0.052245,0.000000,2
4.131099,1.000000,2
0.802101,0.000000,2
0.748848,1.000000,2
0.000000,0.000000,2
2.266007,1.000000,2
0.000000,0.000000,2
0.001917,1.000000,2
0.002200,0.000000,2
0.827553,1.000000,2
0.001794,1.000000,2
0.000000,0.000000,2
0.000000,0.000000,2
0.233697,0.000000,2
0.000000,0.000000,2
0.298289,1.000000,2
0.179899,0.000000,2
0.000000,0.000000,2
0.280063,0.000000,2
0.000000,0.000000,2
0.069901,0.000000,2
0.000000,0.000000,2
0.164002,1.000000,2
0.095671,1.000000,2
0.476445,0.000000,2
0.023609,1.000000,2
0.000000,0.000000,2
0.000000,0.000000,2
0.005565,0.000000,2
0.000000,0.000000,2
0.083672,1.000000,2
0.699049,0.000000,2
0.000000,0.000000,2
0.027023,1.000000,2
0.000000,0.000000,2
0.000000,0.000000,2
0.000000,0.000000,2
0.619913,0.000000,2
0.020687,1.000000,2
0.000000,0.000000,2
2.229036,0.000000,2
0.000000,0.000000,2
0.000030,0.000000,2
0.020813,0.000000,2
0.413484,0.000000,2
0.000000,0.000000,2
0.145063,0.000000,2
0.068912,1.000000,2
0.000000,0.000000,2
0.295728,1.000000,2
0.367536,1.000000,2
0.007338,1.000000,2
0.003802,0.000000,2
0.000000,0.000000,2
0.027146,0.000000,2
0.000000,0.000000,2
0.783359,1.000000,2
0.050853,0.000000,2
0.111457,1.000000,2
0.000000,0.000000,2
0.053383,0.000000,2
0.474623,1.000000,2
0.000000,0.000000,2
0.273375,1.000000,2
0.000000,0.000000,2
0.281541,1.000000,2
0.000000,0.000000,2
0.006788,0.000000,2
2.528585,0.000000,3
-0.000000,0.000000,3
0.086502,0.000000,3
0.000000,0.000000,3
0.000000,0.000000,3
32.087298,0.000000,3
5.941617,0.000000,3
0.000000,0.000000,3
0.000000,0.000000,3
0.000000,0.000000,3
3.306997,0.000000,3
6.536918,0.000000,3
57.955316,0.000000,3
0.548282,0.000000,3
0.000000,0.000000,3
4.503162,0.000000,3
2.863575,0.000000,3
3.624947,0.000000,3
4.666976,0.000000,3
3.217572,0.000000,3
76.622771,0.000000,3
0.766892,0.000000,3
3.297895,0.000000,3
0.000000,0.000000,3
0.875548,0.000000,3
3.903392,0.000000,3
0.000000,0.000000,3
166.572330,1.000000,3
0.000000,0.000000,3
0.000000,0.000000,3
0.000000,0.000000,3
1.788918,0.000000,3
0.000000,0.000000,3
57.785559,1.000000,3
0.610936,0.000000,3
20.674275,0.000000,3
1.231908,0.000000,3
0.000000,0.000000,3
0.000000,0.000000,3
2.749564,0.000000,3
0.000000,0.000000,3
27.238809,0.000000,3
0.000000,0.000000,3
0.000000,0.000000,3
2.759494,0.000000,3
0.003267,0.000000,3
0.000000,0.000000,3
18.803426,0.000000,3
9.057461,1.000000,3
0.300648,0.000000,3
25.141708,0.000000,3
0.000000,0.000000,3
0.000000,0.000000,3
0.000000,0.000000,3
0.000000,0.000000,3
0.000000,0.000000,3
2.480645,0.000000,3
1.725171,0.000000,3
14.930921,0.000000,3
14.580541,0.000000,3
15.658176,0.000000,3
83.507780,1.000000,3
0.000000,0.000000,3
0.000000,0.000000,3
0.000000,0.000000,3
4.881822,0.000000,3
0.000000,0.000000,3
0.000000,0.000000,3
0.000000,0.000000,3
0.000000,0.000000,3
0.000000,0.000000,3
0.517648,0.000000,3
4.085404,0.000000,3
56.494300,1.000000,3
0.000000,0.000000,3
0.000000,0.000000,3
10.033815,1.000000,3
12.232233,0.000000,3
0.761900,0.000000,3
0.000000,0.000000,3
1.777522,1.000000,3
2.404241,0.000000,3
0.000000,0.000000,3
0.000000,0.000000,3
0.000000,0.000000,3
1.882396,0.000000,3
0.000000,0.000000,3
10.865640,0.000000,3
0.000000,0.000000,3
0.000000,0.000000,3
0.922060,0.000000,3
2.967480,0.000000,3
0.000000,0.000000,3
74.292799,1.000000,3
1.192723,0.000000,3
121.664921,1.000000,3
3.706744,0.000000,3
3.709065,0.000000,3
43.301695,1.000000,3
2.575758,0.000000,3
0.000000,0.000000,3
2.000415,0.000000,3
-0.000000,0.000000,3
0.000000,0.000000,3
0.000000,0.000000,3
0.000000,0.000000,3
0.000000,0.000000,3
0.000000,0.000000,3
0.730053,0.000000,3
6.321895,0.000000,3
0.000000,0.000000,3
0.000000,0.000000,3
53.387160,1.000000,3
44.001043,0.000000,3
25.846576,1.000000,3
0.000000,0.000000,3
-0.000000,0.000000,3
0.000000,0.000000,3
2.264930,0.000000,3
0.000000,0.000000,3
0.000000,0.000000,3
0.000000,0.000000,3
39.552876,0.000000,3
9.488227,0.000000,3
1.702878,0.000000,3
0.000000,0.000000,3
5.104340,0.000000,3
0.000000,0.000000,3
48.358387,0.000000,3
0.000000,0.000000,3
9.822530,0.000000,3
18.759754,0.000000,3
8.424342,0.000000,3
3.086114,0.000000,3
0.830577,0.000000,3
39.383165,0.000000,3
0.000000,0.000000,3
0.000000,0.000000,3
0.000000,0.000000,3
-0.000000,0.000000,3
9.902746,0.000000,3
3.053772,1.000000,3
0.000000,0.000000,3
0.000000,0.000000,3
0.000000,0.000000,3
7.146982,0.000000,3
0.000000,0.000000,3
0.000000,0.000000,3
24.856267,1.000000,3
6.298223,0.000000,3
5.256544,0.000000,3
9.506318,1.000000,3
-0.000000,0.000000,3
45.205288,0.000000,3
0.000000,0.000000,3
15.265105,0.000000,3
2.263855,0.000000,3
1.567511,0.000000,3
0.000000,0.000000,3
24.610228,0.000000,3
0.000000,0.000000,3
12.182861,0.000000,3
20.007820,0.000000,3
0.000000,0.000000,3
115.196755,1.000000,3
1.682589,0.000000,3
12.140619,0.000000,3
8.027603,0.000000,3
56.018233,1.000000,3
0.000000,0.000000,3
0.520952,0.000000,3
0.000000,0.000000,3
14.576938,0.000000,3
108.705903,1.000000,3
0.000000,0.000000,3
0.000000,0.000000,3
92.582149,0.000000,3
9.448910,1.000000,3
22.481315,1.000000,3
0.000000,0.000000,3
0.000000,0.000000,3
0.000000,0.000000,3
0.000000,0.000000,3
171.070226,1.000000,3
73.663686,1.000000,3
-0.000000,0.000000,3
113.192230,1.000000,3
121.536452,1.000000,3
4.427154,0.000000,3
0.000000,0.000000,3
6.928749,0.000000,3
6.829290,0.000000,3
0.000000,0.000000,3
0.000000,0.000000,3
0.000000,0.000000,3
195.656612,1.000000,3
2.462623,0.000000,3
0.000000,0.000000,3
20.888208,0.000000,3
-0.000000,0.000000,3
1.312110,0.000000,3
1.477764,0.000000,3
2.000024,0.000000,3
0.000000,0.000000,3
0.000000,0.000000,3
0.000000,0.000000,3
0.000000,0.000000,3
3.942274,0.000000,3
62.164477,1.000000,3
0.887367,0.000000,3
0.000000,0.000000,3
84.620604,1.000000,3
0.000000,0.000000,3
5.012914,0.000000,3
80.514148,1.000000,3
27.723729,1.000000,3
0.000000,0.000000,3
0.000000,0.000000,3
0.000000,0.000000,3
57.394804,1.000000,3
2.319036,0.000000,3
0.000000,0.000000,3
22.902238,1.000000,3
0.000000,0.000000,3
1.033532,0.000000,3
0.000000,0.000000,3
79.501829,1.000000,3
0.000000,0.000000,3
3.421323,0.000000,3
22.664743,1.000000,3
0.261675,0.000000,3
6.193678,0.000000,3
1.419110,0.000000,3
0.019572,0.000000,3
11.794095,0.000000,3
2.735593,0.000000,3
29.926012,0.000000,3
0.000000,0.000000,3
0.046459,0.000000,3
0.000000,0.000000,3
6.793151,0.000000,3
0.000000,0.000000,3
0.000000,0.000000,3
0.000000,0.000000,3
64.835968,1.000000,3
0.000000,0.000000,3
3.576871,0.000000,3
6.102143,1.000000,3
1.306470,0.000000,3
1.955948,0.000000,3
0.000000,0.000000,3
1.290204,0.000000,3
0.788549,0.000000,3
0.000000,0.000000,3
0.000000,0.000000,3
0.000000,0.000000,3
30.493536,0.000000,3
0.000843,0.000000,3
0.377728,1.000000,3
0.000000,0.000000,3
8.307291,0.000000,3
28.025400,1.000000,3
0.000000,0.000000,3
116.568023,1.000000,3
3.539144,0.000000,3
0.000000,0.000000,3
0.000000,0.000000,3
0.000000,0.000000,3
5.997588,0.000000,3
87.137410,1.000000,3
0.000000,0.000000,3
5.617960,0.000000,3
14.839981,0.000000,3
0.000000,0.000000,3
0.599391,0.000000,3
2.173694,0.000000,3
0.000000,0.000000,3
2.106196,0.000000,3
1.944584,0.000000,3
0.000000,0.000000,3
0.000000,0.000000,3
10.631448,0.000000,3
3.754757,0.000000,3
4.102071,0.000000,3
0.493337,0.000000,3
0.775039,0.000000,3
17.683318,0.000000,3
2.284641,0.000000,3
0.000000,0.000000,3
0.000000,0.000000,3
0.000000,0.000000,3
0.955139,0.000000,3
0.000000,0.000000,3
14.908164,0.000000,3
0.000000,0.000000,3
0.000000,0.000000,3
3.051655,0.000000,3
2.914414,0.000000,3
2.138665,0.000000,3
9.037932,0.000000,3
0.000000,0.000000,3
0.000000,0.000000,3
0.000000,0.000000,3
14.064972,0.000000,3
0.000000,0.000000,3
8.737198,0.000000,3
0.000000,0.000000,3
0.051452,0.000000,3
0.000000,0.000000,3
0.000000,0.000000,3
0.000000,0.000000,3
0.000000,0.000000,3
0.000000,0.000000,3
0.000000,0.000000,3
0.000000,0.000000,3
4.651507,0.000000,3
0.000000,0.000000,3
0.733425,0.000000,3
0.000000,0.000000,3
66.219731,0.000000,3
0.000000,0.000000,3
0.000000,0.000000,3
8.063194,0.000000,3
0.000000,0.000000,3
85.345163,1.000000,3
10.333952,0.000000,3
0.000000,0.000000,3
1.088948,0.000000,3
0.000000,0.000000,3
0.599903,0.000000,3
3.151147,0.000000,3
3.736611,0.000000,3
4.751995,0.000000,3
37.991617,1.000000,3
17.707108,0.000000,3
14.472647,0.000000,3
3.835839,0.000000,3
5.251501,0.000000,3
0.000000,0.000000,3
7.842780,0.000000,3
1.972890,0.000000,3
3.790194,1.000000,3
64.679113,0.000000,3
1.235690,0.000000,3
32.484437,0.000000,3
19.696942,0.000000,3
12.255561,1.000000,3
0.000000,0.000000,3
0.000000,0.000000,3
15.618852,0.000000,3
48.607012,0.000000,3
0.000000,0.000000,3
0.000000,0.000000,3
7.964594,0.000000,3
6.798797,0.000000,3
34.552193,0.000000,3
11.184679,0.000000,3
8.548066,1.000000,3
91.098450,1.000000,3
1.078916,0.000000,3
4.633934,0.000000,3
41.873614,0.000000,3
0.000000,0.000000,3
0.000000,0.000000,3
0.000000,0.000000,3
1.198290,0.000000,3
41.424677,0.000000,3
0.531321,0.000000,3
4.091444,0.000000,3
4.982403,0.000000,3
53.668898,0.000000,3
0.000000,0.000000,3
2.520403,0.000000,3
65.228068,0.000000,3
0.000000,0.000000,3
0.000000,0.000000,3
0.000000,0.000000,3
3.391262,0.000000,3
0.000000,0.000000,3
9.378891,1.000000,3
0.000000,0.000000,3
0.000000,0.000000,3
0.000000,0.000000,3
7.505690,0.000000,3
0.893199,0.000000,3
0.268427,0.000000,3
0.000000,0.000000,3
4.643934,0.000000,3
8.105792,1.000000,3
14.578871,0.000000,3
3.194435,0.000000,3
5.632671,0.000000,3
0.000000,0.000000,3
0.000000,0.000000,3
6.028613,0.000000,3
0.000000,0.000000,3
0.000000,0.000000,3
0.000000,0.000000,3
3.204389,0.000000,3
11.290715,0.000000,3
0.000000,0.000000,3
0.000000,0.000000,3
4.567523,0.000000,3
0.000000,0.000000,3
0.335336,0.000000,3
3.959045,0.000000,3
19.317812,0.000000,3
18.965146,0.000000,3
2.556344,0.000000,3
0.000000,0.000000,3
0.000000,0.000000,3
0.000000,0.000000,3
0.000000,0.000000,3
2.455804,0.000000,3
0.597339,0.000000,3
0.000000,0.000000,3
4.723537,0.000000,3
31.062292,0.000000,3
54.833821,1.000000,3
8.821463,1.000000,3
0.000000,0.000000,3
4.474737,0.000000,3
1.200885,0.000000,3
0.000000,0.000000,3
0.000000,0.000000,3
65.408216,1.000000,3
3.513565,0.000000,3
0.000000,0.000000,3
0.000000,0.000000,3
0.013324,0.000000,3
3.000076,0.000000,3
10.935515,0.000000,3
0.329279,0.000000,3
0.000000,0.000000,3
19.072167,0.000000,3
72.442320,0.000000,3
0.000000,0.000000,3
0.000000,0.000000,3
0.000000,0.000000,3
8.425412,1.000000,3
3.405444,0.000000,3
223.606472,2.000000,3
0.000000,0.000000,3
0.000000,0.000000,3
2.815334,0.000000,3
0.728949,0.000000,3
7.846358,0.000000,3
2.971186,0.000000,3
4.221434,0.000000,3
0.000000,0.000000,3
0.000000,0.000000,3
0.000000,0.000000,3
3.105297,0.000000,3
0.000000,0.000000,3
4.948216,0.000000,3
0.067378,0.000000,3
44.818173,0.000000,3
0.000000,0.000000,3
86.275765,1.000000,3
1.366641,1.000000,3
0.000000,0.000000,3
0.000000,0.000000,3
3.895099,0.000000,3
0.000000,0.000000,3
0.000000,0.000000,3
0.000000,0.000000,3
5.707784,0.000000,3
0.000000,0.000000,3
0.000000,0.000000,3
0.000000,0.000000,3
0.000000,0.000000,3
0.000000,0.000000,3
4.776155,0.000000,3
8.571318,0.000000,3
13.990669,1.000000,3
0.000000,0.000000,3
0.000000,0.000000,3
0.140731,0.000000,3
0.000000,0.000000,3
0.000000,0.000000,3
12.315560,0.000000,3
2.087761,0.000000,3
0.000000,0.000000,3
0.000000,0.000000,3
0.000000,0.000000,3
16.414288,0.000000,3
145.203059,1.000000,3
0.000000,0.000000,3
3.559850,0.000000,3
0.000000,0.000000,3
33.516402,1.000000,3
0.000000,0.000000,3
0.553138,1.000000,3
0.000000,0.000000,3
0.509373,0.000000,3
0.000000,0.000000,3
0.000000,0.000000,3
1.757978,0.000000,3
2.671607,0.000000,3
0.000000,0.000000,3
3.252992,0.000000,3
0.463781,1.000000,3
5.896028,0.000000,3
1.608454,0.000000,3
4.031792,0.000000,3
4.963529,1.000000,3
136.738757,1.000000,3
4.637768,0.000000,3
0.000000,0.000000,3
2.413220,0.000000,3
0.000000,0.000000,3
0.000000,0.000000,3
0.000000,0.000000,3
2.223874,0.000000,3
7.939555,0.000000,3
3.914367,0.000000,3
0.853327,0.000000,3
1.306758,1.000000,3
10.045218,0.000000,3
12.920049,0.000000,3
0.000000,0.000000,3
0.000000,0.000000,3
0.000000,0.000000,3
2.074076,0.000000,3
2.765671,0.000000,3
63.521017,1.000000,3
0.000000,0.000000,3
0.000000,0.000000,3
0.000000,0.000000,3
12.122097,0.000000,3
0.000000,0.000000,3
29.532086,0.000000,3
38.400380,1.000000,3
0.000000,0.000000,3
0.000000,0.000000,3
0.000000,0.000000,3
21.061321,0.000000,3
0.000000,0.000000,3
14.828743,0.000000,3
2.476537,0.000000,3
0.000000,0.000000,3
0.439230,1.000000,3
0.000000,0.000000,3
0.808379,0.000000,3
58.414638,1.000000,3
4.039211,1.000000,3
88.432012,1.000000,3
13.801204,0.000000,3
3.590363,0.000000,3
16.667261,0.000000,3
1.902810,0.000000,3
0.000000,0.000000,3
120.121679,1.000000,3
0.000000,0.000000,3
0.000000,0.000000,3
0.000000,0.000000,3
6.403919,0.000000,3
10.842036,0.000000,3
0.000000,0.000000,3
0.088519,0.000000,3
5.414091,0.000000,3
31.538055,0.000000,3
0.000000,0.000000,3
0.000000,0.000000,3
0.000000,0.000000,3
0.000000,0.000000,3
3.119139,0.000000,3
11.336097,0.000000,3
0.000000,0.000000,3
62.500061,1.000000,3
1.898642,0.000000,3
115.098911,1.000000,3
0.000000,0.000000,3
0.000000,0.000000,3
3.992441,0.000000,3
0.000000,0.000000,3
3.687621,0.000000,3
0.000000,0.000000,3
8.786339,0.000000,3
0.326121,1.000000,3
3.015165,0.000000,3
0.077161,0.000000,3
16.397288,0.000000,3
0.000000,0.000000,3
8.196838,0.000000,3
0.912118,1.000000,3
0.000000,0.000000,3
0.000000,0.000000,3
11.087119,0.000000,3
5.604388,0.000000,3
0.966549,0.000000,3
1.212333,0.000000,3
8.867495,0.000000,3
8.241337,0.000000,3
8.691099,1.000000,3
14.827525,0.000000,3
8.371732,0.000000,3
1.850641,0.000000,3
23.582234,1.000000,3
1.097267,0.000000,3
0.000000,0.000000,3
0.000000,0.000000,3
2.540328,0.000000,3
1.864006,0.000000,3
0.000000,0.000000,3
6.840258,0.000000,3
0.000000,0.000000,3
3.550155,0.000000,3
25.368839,0.000000,3
28.871101,1.000000,3
4.274002,0.000000,3
78.216349,0.000000,3
5.357925,0.000000,3
0.000000,0.000000,3
0.000000,0.000000,3
0.000000,0.000000,3
23.935783,0.000000,3
10.394024,0.000000,3
1.679791,0.000000,3
0.493035,0.000000,3
0.000000,0.000000,3
0.000000,0.000000,3
1.947816,1.000000,3
0.000000,0.000000,3
0.000000,0.000000,3
0.000000,0.000000,3
115.192338,1.000000,3
5.538022,0.000000,3
19.443680,0.000000,3
2.241092,0.000000,3
3.541645,0.000000,3
0.000000,0.000000,3
0.828011,0.000000,3
4.757676,0.000000,3
6.417687,0.000000,3
4.330488,0.000000,3
0.000000,0.000000,3
0.000000,0.000000,3
0.424446,0.000000,3
0.862388,0.000000,3
0.000000,0.000000,3
69.207431,1.000000,3
8.390508,0.000000,3
0.000000,0.000000,3
8.792616,0.000000,3
0.000000,0.000000,3
0.000000,0.000000,3
0.000000,0.000000,3
8.655347,0.000000,3
0.000000,0.000000,3
22.969136,0.000000,3
0.000000,0.000000,3
0.000000,0.000000,3
82.608521,1.000000,3
47.981634,1.000000,3
0.000000,0.000000,3
1.580521,0.000000,3
0.000000,0.000000,3
0.000000,0.000000,3
3.829846,0.000000,3
0.000000,0.000000,3
7.158781,0.000000,3
3.869987,0.000000,3
0.726911,0.000000,3
38.750855,1.000000,3
19.623613,0.000000,3
0.000000,0.000000,3
5.429432,0.000000,3
0.000000,0.000000,3
1.112247,0.000000,3
7.272441,0.000000,3
27.963526,0.000000,3
1.641139,0.000000,3
4.145063,0.000000,3
0.000000,0.000000,3
0.000000,0.000000,3
5.512814,1.000000,3
0.000000,0.000000,3
0.000000,0.000000,3
3.380878,0.000000,3
0.000000,0.000000,3
4.285542,0.000000,3
0.000000,0.000000,3
0.000000,0.000000,3
24.449252,0.000000,3
5.726758,1.000000,3
0.000000,0.000000,3
0.000000,0.000000,3
0.000000,0.000000,3
0.000000,0.000000,3
2.702574,0.000000,3
19.215965,1.000000,3
1.742440,0.000000,3
0.000000,0.000000,3
3.409642,0.000000,3
0.000000,0.000000,3
6.816881,1.000000,3
10.193082,0.000000,3
1.209741,0.000000,3
0.000000,0.000000,3
1.369316,0.000000,3
1.499734,0.000000,3
14.748889,0.000000,3
0.000000,0.000000,3
0.000000,0.000000,3
6.575042,0.000000,3
0.059070,0.000000,3
20.014774,0.000000,3
6.986043,0.000000,3
0.000000,0.000000,3
13.985513,1.000000,3
0.266827,0.000000,3
0.000000,0.000000,3
5.330356,1.000000,3
4.869893,0.000000,3
231.804656,2.000000,3
36.611974,0.000000,3
5.819425,0.000000,3
0.000000,0.000000,3
0.000000,0.000000,3
2.665457,0.000000,3
0.000000,0.000000,3
0.000000,0.000000,3
0.000000,0.000000,3
0.000000,0.000000,3
1.137966,0.000000,3
0.769204,0.000000,3
0.000000,0.000000,3
9.095848,0.000000,3
57.420516,1.000000,3
82.747446,1.000000,3
11.791492,1.000000,3
0.000000,0.000000,3
0.423378,0.000000,3
6.306664,0.000000,3
0.964655,0.000000,3
0.000000,0.000000,3
0.000000,0.000000,3
0.000000,0.000000,3
0.920530,0.000000,3
0.000000,0.000000,3
0.000000,0.000000,3
0.000000,0.000000,3
0.000000,0.000000,3
0.000000,0.000000,3
0.000000,0.000000,3
0.000000,0.000000,3
51.732323,0.000000,3
0.000000,0.000000,3
36.274962,0.000000,3
8.379436,0.000000,3
0.000000,0.000000,3
95.017332,0.000000,3
0.000000,0.000000,3
0.000000,0.000000,3
106.038260,1.000000,3
7.598411,0.000000,3
0.000000,0.000000,3
19.699890,0.000000,3
0.000000,0.000000,3
48.508640,0.000000,3
2.334353,0.000000,3
0.000000,0.000000,3
0.000000,0.000000,3
0.000000,0.000000,3
0.186461,0.000000,3
0.000000,0.000000,3
0.000000,0.000000,3
0.000000,0.000000,3
2.848037,0.000000,3
39.114502,0.000000,3
0.000000,0.000000,3
0.000000,0.000000,3
11.465302,0.000000,3
0.000000,0.000000,3
23.268966,0.000000,3
50.974099,0.000000,3
5.972680,0.000000,3
3.090311,0.000000,3
53.860901,0.000000,3
0.000000,0.000000,3
0.000000,0.000000,3
3.528241,0.000000,3
5.332730,1.000000,3
10.172534,0.000000,3
0.000000,0.000000,3
0.000000,0.000000,3
0.000000,0.000000,3
0.303156,0.000000,3
0.000000,0.000000,3
27.228659,0.000000,3
3.139199,0.000000,3
0.000000,0.000000,3
0.000000,0.000000,3
0.000000,0.000000,3
78.720056,1.000000,3
0.000000,0.000000,3
3.489742,0.000000,3
1.281609,1.000000,3
3.827190,1.000000,3
0.000000,0.000000,3
0.000000,0.000000,3
0.434606,0.000000,3
0.818766,0.000000,3
2.267355,0.000000,3
76.996614,1.000000,3
0.060370,0.000000,3
0.000000,0.000000,3
107.739399,1.000000,3
0.000000,0.000000,3
-0.000000,0.000000,3
0.000000,0.000000,3
2.263330,0.000000,3
83.610377,1.000000,3
0.899778,0.000000,3
0.507302,0.000000,3
41.276330,0.000000,3
1.152276,0.000000,3
3.140781,0.000000,3
24.016097,0.000000,3
0.000000,0.000000,3
4.248349,0.000000,3
0.000000,0.000000,3
0.000000,0.000000,3
0.000009,0.000000,3
0.709829,0.000000,3
0.000000,0.000000,3
4.799715,0.000000,3
0.000000,0.000000,3
1.511360,0.000000,3
4.760861,0.000000,3
0.000000,0.000000,3
61.490392,0.000000,3
22.516415,0.000000,3
5.513214,0.000000,3
4.516218,0.000000,3
8.389655,0.000000,3
2.151515,1.000000,3
0.000000,0.000000,3
1.626265,0.000000,3
0.000000,0.000000,3
0.000000,0.000000,3
0.000000,0.000000,3
0.000000,0.000000,3
2.320230,0.000000,3
0.000000,0.000000,3
0.000000,0.000000,3
1.307255,0.000000,3
58.936076,1.000000,3
0.000000,0.000000,3
0.000000,0.000000,3
0.000000,0.000000,3
0.000000,0.000000,3
0.000000,0.000000,3
0.000000,0.000000,3
0.000000,0.000000,3
0.252957,0.000000,3
2.665180,0.000000,3
0.000000,0.000000,3
0.000000,0.000000,3
5.406492,0.000000,3
0.000000,0.000000,3
4.933367,0.000000,3
5.430164,0.000000,3
9.312151,0.000000,3
10.396886,0.000000,3
12.957267,0.000000,3
0.000000,0.000000,3
0.000000,0.000000,3
5.851388,1.000000,3
0.000000,0.000000,3
0.000000,0.000000,3
26.161005,0.000000,3
4.731480,0.000000,3
0.000000,0.000000,3
0.000000,0.000000,3
0.000000,0.000000,3
19.861694,1.000000,3
9.843766,0.000000,3
5.731749,0.000000,3
19.884868,0.000000,3
17.296239,1.000000,3
0.775000,0.000000,3
0.000000,0.000000,3
1.427883,0.000000,3
0.000000,0.000000,3
64.215516,0.000000,3
0.000000,0.000000,3
2.239113,0.000000,3
5.240322,0.000000,3
9.866477,1.000000,3
0.000000,0.000000,3
0.000000,0.000000,3
5.218784,0.000000,3
6.678075,1.000000,3
0.501569,0.000000,3
0.000000,0.000000,3
0.000000,0.000000,3
0.000000,0.000000,3
0.000000,0.000000,3
0.000000,0.000000,3
3.580453,0.000000,3
0.000000,0.000000,3
0.000000,0.000000,3
0.330931,1.000000,3
1.955365,0.000000,3
0.394497,0.000000,3
11.487025,0.000000,3
0.000000,0.000000,3
0.046887,0.000000,3
0.950862,0.000000,3
0.164876,0.000000,3
0.000000,0.000000,3
93.137308,1.000000,3
0.269350,0.000000,3
0.000000,0.000000,3
124.498572,1.000000,3
0.000000,0.000000,3
5.922662,0.000000,3
1.676244,0.000000,3
0.934649,0.000000,3
35.794654,0.000000,3
-0.000000,0.000000,3
27.556537,0.000000,3
0.000000,0.000000,3
10.139427,1.000000,3
0.000000,0.000000,3
16.373954,0.000000,3
47.669900,1.000000,3
2.531252,0.000000,3
64.347676,1.000000,3
0.000000,0.000000,3
93.402947,1.000000,3
0.000000,0.000000,3
18.057874,1.000000,3
5.945809,0.000000,3
5.884401,1.000000,3
17.884387,1.000000,3
0.000000,0.000000,3
0.000000,0.000000,3
0.749139,0.000000,3
0.000000,0.000000,3
1.034372,0.000000,3
107.938893,2.000000,3
0.000000,0.000000,3
107.049965,1.000000,3
0.000000,0.000000,3
154.357864,1.000000,3
0.000000,0.000000,3
34.631172,0.000000,3
0.404556,1.000000,3
1.473120,0.000000,3
2.256180,0.000000,3
0.000000,0.000000,3
0.000000,0.000000,3
43.835745,1.000000,3
0.000000,0.000000,3
10.152923,1.000000,3
4.980696,0.000000,3
0.000000,0.000000,3
0.578736,0.000000,3
0.000000,0.000000,3
0.000000,0.000000,3
0.000000,0.000000,3
26.781489,1.000000,3
56.407982,1.000000,3
0.000000,0.000000,3
2.229036,0.000000,3
0.000000,0.000000,3
1.690921,0.000000,3
41.077494,0.000000,3
1.217347,0.000000,3
0.000000,0.000000,3
4.485872,0.000000,3
5.678224,0.000000,3
0.000000,0.000000,3
2.732105,0.000000,3
4.597817,0.000000,3
0.094793,0.000000,3
12.558948,0.000000,3
0.000000,0.000000,3
28.872473,0.000000,3
0.000000,0.000000,3
3.228893,0.000000,3
6.117920,0.000000,3
12.770841,1.000000,3
0.000000,0.000000,3
0.168908,0.000000,3
2.584285,0.000000,3
0.000000,0.000000,3
1.001834,0.000000,3
0.000000,0.000000,3
0.669986,0.000000,3
0.000000,0.000000,3
2.818760,0.000000,3
